work_year,experience_level,employment_type,job_title,salary,salary_currency,salary_in_usd,employee_residence,remote_ratio,company_location,company_size
2020,MI,FT,Data Scientist,70000,EUR,79833,DE,0,DE,L
2020,SE,FT,Machine Learning Scientist,260000,USD,260000,JP,0,JP,S
2020,SE,FT,Big Data Engineer,85000,GBP,109024,GB,50,GB,M
2020,MI,FT,Product Data Analyst,20000,USD,20000,HN,0,HN,S
2020,SE,FT,Machine Learning Engineer,150000,USD,150000,US,50,US,L
2020,EN,FT,Data Analyst,72000,USD,72000,US,100,US,L
2020,SE,FT,Lead Data Scientist,190000,USD,190000,US,100,US,S
2020,MI,FT,Data Scientist,11000000,HUF,35735,HU,50,HU,L
2020,MI,FT,Business Data Analyst,135000,USD,135000,US,100,US,L
2020,SE,FT,Lead Data Engineer,125000,USD,125000,NZ,50,NZ,S
2020,EN,FT,Data Scientist,45000,EUR,51321,FR,0,FR,S
2020,MI,FT,Data Scientist,3000000,INR,40481,IN,0,IN,L
2020,EN,FT,Data Scientist,35000,EUR,39916,FR,0,FR,M
2020,MI,FT,Lead Data Analyst,87000,USD,87000,US,100,US,L
2020,MI,FT,Data Analyst,85000,USD,85000,US,100,US,L
2020,MI,FT,Data Analyst,8000,USD,8000,PK,50,PK,L
2020,EN,FT,Data Engineer,4450000,JPY,41689,JP,100,JP,S
2020,SE,FT,Big Data Engineer,100000,EUR,114047,PL,100,GB,S
2020,EN,FT,Data Science Consultant,423000,INR,5707,IN,50,IN,M
2020,MI,FT,Lead Data Engineer,56000,USD,56000,PT,100,US,M
2020,MI,FT,Machine Learning Engineer,299000,CNY,43331,CN,0,CN,M
2020,MI,FT,Product Data Analyst,450000,INR,6072,IN,100,IN,L
2020,SE,FT,Data Engineer,42000,EUR,47899,GR,50,GR,L
2020,MI,FT,BI Data Analyst,98000,USD,98000,US,0,US,M
2020,MI,FT,Lead Data Scientist,115000,USD,115000,AE,0,AE,L
2020,EX,FT,Director of Data Science,325000,USD,325000,US,100,US,L
2020,EN,FT,Research Scientist,42000,USD,42000,NL,50,NL,L
2020,SE,FT,Data Engineer,720000,MXN,33511,MX,0,MX,S
2020,EN,CT,Business Data Analyst,100000,USD,100000,US,100,US,L
2020,SE,FT,Machine Learning Manager,157000,CAD,117104,CA,50,CA,L
2020,MI,FT,Data Engineering Manager,51999,EUR,59303,DE,100,DE,S
2020,EN,FT,Big Data Engineer,70000,USD,70000,US,100,US,L
2020,SE,FT,Data Scientist,60000,EUR,68428,GR,100,US,L
2020,MI,FT,Research Scientist,450000,USD,450000,US,0,US,M
2020,MI,FT,Data Analyst,41000,EUR,46759,FR,50,FR,L
2020,MI,FT,Data Engineer,65000,EUR,74130,AT,50,AT,L
2020,MI,FT,Data Science Consultant,103000,USD,103000,US,100,US,L
2020,EN,FT,Machine Learning Engineer,250000,USD,250000,US,50,US,L
2020,EN,FT,Data Analyst,10000,USD,10000,NG,100,NG,S
2020,EN,FT,Machine Learning Engineer,138000,USD,138000,US,100,US,S
2020,MI,FT,Data Scientist,45760,USD,45760,PH,100,US,S
2020,EX,FT,Data Engineering Manager,70000,EUR,79833,ES,50,ES,L
2020,MI,FT,Machine Learning Infrastructure Engineer,44000,EUR,50180,PT,0,PT,M
2020,MI,FT,Data Engineer,106000,USD,106000,US,100,US,L
2020,MI,FT,Data Engineer,88000,GBP,112872,GB,50,GB,L
2020,EN,PT,ML Engineer,14000,EUR,15966,DE,100,DE,S
2020,MI,FT,Data Scientist,60000,GBP,76958,GB,100,GB,S
2020,SE,FT,Data Engineer,188000,USD,188000,US,100,US,L
2020,MI,FT,Data Scientist,105000,USD,105000,US,100,US,L
2020,MI,FT,Data Engineer,61500,EUR,70139,FR,50,FR,L
2020,EN,FT,Data Analyst,450000,INR,6072,IN,0,IN,S
2020,EN,FT,Data Analyst,91000,USD,91000,US,100,US,L
2020,EN,FT,AI Scientist,300000,DKK,45896,DK,50,DK,S
2020,EN,FT,Data Engineer,48000,EUR,54742,PK,100,DE,L
2020,SE,FL,Computer Vision Engineer,60000,USD,60000,RU,100,US,S
2020,SE,FT,Principal Data Scientist,130000,EUR,148261,DE,100,DE,M
2020,MI,FT,Data Scientist,34000,EUR,38776,ES,100,ES,M
2020,MI,FT,Data Scientist,118000,USD,118000,US,100,US,M
2020,SE,FT,Data Scientist,120000,USD,120000,US,50,US,L
2020,MI,FT,Data Scientist,138350,USD,138350,US,100,US,M
2020,MI,FT,Data Engineer,110000,USD,110000,US,100,US,L
2020,MI,FT,Data Engineer,130800,USD,130800,ES,100,US,M
2020,EN,PT,Data Scientist,19000,EUR,21669,IT,50,IT,S
2020,SE,FT,Data Scientist,412000,USD,412000,US,100,US,L
2020,SE,FT,Machine Learning Engineer,40000,EUR,45618,HR,100,HR,S
2020,EN,FT,Data Scientist,55000,EUR,62726,DE,50,DE,S
2020,EN,FT,Data Scientist,43200,EUR,49268,DE,0,DE,S
2020,SE,FT,Data Science Manager,190200,USD,190200,US,100,US,M
2020,EN,FT,Data Scientist,105000,USD,105000,US,100,US,S
2020,SE,FT,Data Scientist,80000,EUR,91237,AT,0,AT,S
2020,MI,FT,Data Scientist,55000,EUR,62726,FR,50,LU,S
2020,MI,FT,Data Scientist,37000,EUR,42197,FR,50,FR,S
2021,EN,FT,Research Scientist,60000,GBP,82528,GB,50,GB,L
2021,EX,FT,BI Data Analyst,150000,USD,150000,IN,100,US,L
2021,EX,FT,Head of Data,235000,USD,235000,US,100,US,L
2021,SE,FT,Data Scientist,45000,EUR,53192,FR,50,FR,L
2021,MI,FT,BI Data Analyst,100000,USD,100000,US,100,US,M
2021,MI,PT,3D Computer Vision Researcher,400000,INR,5409,IN,50,IN,M
2021,MI,CT,ML Engineer,270000,USD,270000,US,100,US,L
2021,EN,FT,Data Analyst,80000,USD,80000,US,100,US,M
2021,SE,FT,Data Analytics Engineer,67000,EUR,79197,DE,100,DE,L
2021,MI,FT,Data Engineer,140000,USD,140000,US,100,US,L
2021,MI,FT,Applied Data Scientist,68000,CAD,54238,GB,50,CA,L
2021,MI,FT,Machine Learning Engineer,40000,EUR,47282,ES,100,ES,S
2021,EX,FT,Director of Data Science,130000,EUR,153667,IT,100,PL,L
2021,MI,FT,Data Engineer,110000,PLN,28476,PL,100,PL,L
2021,EN,FT,Data Analyst,50000,EUR,59102,FR,50,FR,M
2021,MI,FT,Data Analytics Engineer,110000,USD,110000,US,100,US,L
2021,SE,FT,Lead Data Analyst,170000,USD,170000,US,100,US,L
2021,SE,FT,Data Analyst,80000,USD,80000,BG,100,US,S
2021,SE,FT,Marketing Data Analyst,75000,EUR,88654,GR,100,DK,L
2021,EN,FT,Data Science Consultant,65000,EUR,76833,DE,100,DE,S
2021,MI,FT,Lead Data Analyst,1450000,INR,19609,IN,100,IN,L
2021,SE,FT,Lead Data Engineer,276000,USD,276000,US,0,US,L
2021,EN,FT,Data Scientist,2200000,INR,29751,IN,50,IN,L
2021,MI,FT,Cloud Data Engineer,120000,SGD,89294,SG,50,SG,L
2021,EN,PT,AI Scientist,12000,USD,12000,BR,100,US,S
2021,MI,FT,Financial Data Analyst,450000,USD,450000,US,100,US,L
2021,EN,FT,Computer Vision Software Engineer,70000,USD,70000,US,100,US,M
2021,MI,FT,Computer Vision Software Engineer,81000,EUR,95746,DE,100,US,S
2021,MI,FT,Data Analyst,75000,USD,75000,US,0,US,L
2021,SE,FT,Data Engineer,150000,USD,150000,US,100,US,L
2021,MI,FT,BI Data Analyst,11000000,HUF,36259,HU,50,US,L
2021,MI,FT,Data Analyst,62000,USD,62000,US,0,US,L
2021,MI,FT,Data Scientist,73000,USD,73000,US,0,US,L
2021,MI,FT,Data Analyst,37456,GBP,51519,GB,50,GB,L
2021,MI,FT,Research Scientist,235000,CAD,187442,CA,100,CA,L
2021,SE,FT,Data Engineer,115000,USD,115000,US,100,US,S
2021,SE,FT,Data Engineer,150000,USD,150000,US,100,US,M
2021,EN,FT,Data Engineer,2250000,INR,30428,IN,100,IN,L
2021,SE,FT,Machine Learning Engineer,80000,EUR,94564,DE,50,DE,L
2021,SE,FT,Director of Data Engineering,82500,GBP,113476,GB,100,GB,M
2021,SE,FT,Lead Data Engineer,75000,GBP,103160,GB,100,GB,S
2021,EN,PT,AI Scientist,12000,USD,12000,PK,100,US,M
2021,MI,FT,Data Engineer,38400,EUR,45391,NL,100,NL,L
2021,EN,FT,Machine Learning Scientist,225000,USD,225000,US,100,US,L
2021,MI,FT,Data Scientist,50000,USD,50000,NG,100,NG,L
2021,MI,FT,Data Science Engineer,34000,EUR,40189,GR,100,GR,M
2021,EN,FT,Data Analyst,90000,USD,90000,US,100,US,S
2021,MI,FT,Data Engineer,200000,USD,200000,US,100,US,L
2021,MI,FT,Big Data Engineer,60000,USD,60000,ES,50,RO,M
2021,SE,FT,Principal Data Engineer,200000,USD,200000,US,100,US,M
2021,EN,FT,Data Analyst,50000,USD,50000,US,100,US,M
2021,EN,FT,Applied Data Scientist,80000,GBP,110037,GB,0,GB,L
2021,EN,PT,Data Analyst,8760,EUR,10354,ES,50,ES,M
2021,MI,FT,Principal Data Scientist,151000,USD,151000,US,100,US,L
2021,SE,FT,Machine Learning Scientist,120000,USD,120000,US,50,US,S
2021,MI,FT,Data Scientist,700000,INR,9466,IN,0,IN,S
2021,EN,FT,Machine Learning Engineer,20000,USD,20000,IN,100,IN,S
2021,SE,FT,Lead Data Scientist,3000000,INR,40570,IN,50,IN,L
2021,EN,FT,Machine Learning Developer,100000,USD,100000,IQ,50,IQ,S
2021,EN,FT,Data Scientist,42000,EUR,49646,FR,50,FR,M
2021,MI,FT,Applied Machine Learning Scientist,38400,USD,38400,VN,100,US,M
2021,SE,FT,Computer Vision Engineer,24000,USD,24000,BR,100,BR,M
2021,EN,FT,Data Scientist,100000,USD,100000,US,0,US,S
2021,MI,FT,Data Analyst,90000,USD,90000,US,100,US,M
2021,MI,FT,ML Engineer,7000000,JPY,63711,JP,50,JP,S
2021,MI,FT,ML Engineer,8500000,JPY,77364,JP,50,JP,S
2021,SE,FT,Principal Data Scientist,220000,USD,220000,US,0,US,L
2021,EN,FT,Data Scientist,80000,USD,80000,US,100,US,M
2021,MI,FT,Data Analyst,135000,USD,135000,US,100,US,L
2021,SE,FT,Data Science Manager,240000,USD,240000,US,0,US,L
2021,SE,FT,Data Engineering Manager,150000,USD,150000,US,0,US,L
2021,MI,FT,Data Scientist,82500,USD,82500,US,100,US,S
2021,MI,FT,Data Engineer,100000,USD,100000,US,100,US,L
2021,SE,FT,Machine Learning Engineer,70000,EUR,82744,BE,50,BE,M
2021,MI,FT,Research Scientist,53000,EUR,62649,FR,50,FR,M
2021,MI,FT,Data Engineer,90000,USD,90000,US,100,US,L
2021,SE,FT,Data Engineering Manager,153000,USD,153000,US,100,US,L
2021,SE,FT,Cloud Data Engineer,160000,USD,160000,BR,100,US,S
2021,SE,FT,Director of Data Science,168000,USD,168000,JP,0,JP,S
2021,MI,FT,Data Scientist,150000,USD,150000,US,100,US,M
2021,MI,FT,Data Scientist,95000,CAD,75774,CA,100,CA,L
2021,EN,FT,Data Scientist,13400,USD,13400,UA,100,UA,L
2021,SE,FT,Data Science Manager,144000,USD,144000,US,100,US,L
2021,SE,FT,Data Science Engineer,159500,CAD,127221,CA,50,CA,L
2021,MI,FT,Data Scientist,160000,SGD,119059,SG,100,IL,M
2021,MI,FT,Applied Machine Learning Scientist,423000,USD,423000,US,50,US,L
2021,SE,FT,Data Analytics Manager,120000,USD,120000,US,100,US,M
2021,EN,FT,Machine Learning Engineer,125000,USD,125000,US,100,US,S
2021,EX,FT,Head of Data,230000,USD,230000,RU,50,RU,L
2021,EX,FT,Head of Data Science,85000,USD,85000,RU,0,RU,M
2021,MI,FT,Data Engineer,24000,EUR,28369,MT,50,MT,L
2021,EN,FT,Data Science Consultant,54000,EUR,63831,DE,50,DE,L
2021,EX,FT,Director of Data Science,110000,EUR,130026,DE,50,DE,M
2021,SE,FT,Data Specialist,165000,USD,165000,US,100,US,L
2021,EN,FT,Data Engineer,80000,USD,80000,US,100,US,L
2021,EX,FT,Director of Data Science,250000,USD,250000,US,0,US,L
2021,EN,FT,BI Data Analyst,55000,USD,55000,US,50,US,S
2021,MI,FT,Data Architect,150000,USD,150000,US,100,US,L
2021,MI,FT,Data Architect,170000,USD,170000,US,100,US,L
2021,MI,FT,Data Engineer,60000,GBP,82528,GB,100,GB,L
2021,EN,FT,Data Analyst,60000,USD,60000,US,100,US,S
2021,SE,FT,Principal Data Scientist,235000,USD,235000,US,100,US,L
2021,SE,FT,Research Scientist,51400,EUR,60757,PT,50,PT,L
2021,SE,FT,Data Engineering Manager,174000,USD,174000,US,100,US,L
2021,MI,FT,Data Scientist,58000,MXN,2859,MX,0,MX,S
2021,MI,FT,Data Scientist,30400000,CLP,40038,CL,100,CL,L
2021,EN,FT,Machine Learning Engineer,81000,USD,81000,US,50,US,S
2021,MI,FT,Data Scientist,420000,INR,5679,IN,100,US,S
2021,MI,FT,Big Data Engineer,1672000,INR,22611,IN,0,IN,L
2021,MI,FT,Data Scientist,76760,EUR,90734,DE,50,DE,L
2021,MI,FT,Data Engineer,22000,EUR,26005,RO,0,US,L
2021,SE,FT,Finance Data Analyst,45000,GBP,61896,GB,50,GB,L
2021,MI,FL,Machine Learning Scientist,12000,USD,12000,PK,50,PK,M
2021,MI,FT,Data Engineer,4000,USD,4000,IR,100,IR,M
2021,SE,FT,Data Analytics Engineer,50000,USD,50000,VN,100,GB,M
2021,EX,FT,Data Science Consultant,59000,EUR,69741,FR,100,ES,S
2021,SE,FT,Data Engineer,65000,EUR,76833,RO,50,GB,S
2021,MI,FT,Machine Learning Engineer,74000,USD,74000,JP,50,JP,S
2021,SE,FT,Data Science Manager,152000,USD,152000,US,100,FR,L
2021,EN,FT,Machine Learning Engineer,21844,USD,21844,CO,50,CO,M
2021,MI,FT,Big Data Engineer,18000,USD,18000,MD,0,MD,S
2021,SE,FT,Data Science Manager,174000,USD,174000,US,100,US,L
2021,SE,FT,Research Scientist,120500,CAD,96113,CA,50,CA,L
2021,MI,FT,Data Scientist,147000,USD,147000,US,50,US,L
2021,EN,FT,BI Data Analyst,9272,USD,9272,KE,100,KE,S
2021,SE,FT,Machine Learning Engineer,1799997,INR,24342,IN,100,IN,L
2021,SE,FT,Data Science Manager,4000000,INR,54094,IN,50,US,L
2021,EN,FT,Data Science Consultant,90000,USD,90000,US,100,US,S
2021,MI,FT,Data Scientist,52000,EUR,61467,DE,50,AT,M
2021,SE,FT,Machine Learning Infrastructure Engineer,195000,USD,195000,US,100,US,M
2021,MI,FT,Data Scientist,32000,EUR,37825,ES,100,ES,L
2021,SE,FT,Research Scientist,50000,USD,50000,FR,100,US,S
2021,MI,FT,Data Scientist,160000,USD,160000,US,100,US,L
2021,MI,FT,Data Scientist,69600,BRL,12901,BR,0,BR,S
2021,SE,FT,Machine Learning Engineer,200000,USD,200000,US,100,US,L
2021,SE,FT,Data Engineer,165000,USD,165000,US,0,US,M
2021,MI,FL,Data Engineer,20000,USD,20000,IT,0,US,L
2021,SE,FT,Data Analytics Manager,120000,USD,120000,US,0,US,L
2021,MI,FT,Machine Learning Engineer,21000,EUR,24823,SI,50,SI,L
2021,MI,FT,Research Scientist,48000,EUR,56738,FR,50,FR,S
2021,MI,FT,Data Engineer,48000,GBP,66022,HK,50,GB,S
2021,EN,FT,Big Data Engineer,435000,INR,5882,IN,0,CH,L
2021,EN,FT,Machine Learning Engineer,21000,EUR,24823,DE,50,DE,M
2021,SE,FT,Principal Data Engineer,185000,USD,185000,US,100,US,L
2021,EN,PT,Computer Vision Engineer,180000,DKK,28609,DK,50,DK,S
2021,MI,FT,Data Scientist,76760,EUR,90734,DE,50,DE,L
2021,MI,FT,Machine Learning Engineer,75000,EUR,88654,BE,100,BE,M
2021,SE,FT,Data Analytics Manager,140000,USD,140000,US,100,US,L
2021,MI,FT,Machine Learning Engineer,180000,PLN,46597,PL,100,PL,L
2021,MI,FT,Data Scientist,85000,GBP,116914,GB,50,GB,L
2021,MI,FT,Data Scientist,2500000,INR,33808,IN,0,IN,M
2021,MI,FT,Data Scientist,40900,GBP,56256,GB,50,GB,L
2021,SE,FT,Machine Learning Scientist,225000,USD,225000,US,100,CA,L
2021,EX,CT,Principal Data Scientist,416000,USD,416000,US,100,US,S
2021,SE,FT,Data Scientist,110000,CAD,87738,CA,100,CA,S
2021,MI,FT,Data Scientist,75000,EUR,88654,DE,50,DE,L
2021,SE,FT,Data Scientist,135000,USD,135000,US,0,US,L
2021,SE,FT,Data Analyst,90000,CAD,71786,CA,100,CA,M
2021,EN,FT,Big Data Engineer,1200000,INR,16228,IN,100,IN,L
2021,SE,FT,ML Engineer,256000,USD,256000,US,100,US,S
2021,SE,FT,Director of Data Engineering,200000,USD,200000,US,100,US,L
2021,SE,FT,Data Analyst,200000,USD,200000,US,100,US,L
2021,MI,FT,Data Architect,180000,USD,180000,US,100,US,L
2021,MI,FT,Head of Data Science,110000,USD,110000,US,0,US,S
2021,MI,FT,Research Scientist,80000,CAD,63810,CA,100,CA,M
2021,MI,FT,Data Scientist,39600,EUR,46809,ES,100,ES,M
2021,EN,FT,Data Scientist,4000,USD,4000,VN,0,VN,M
2021,EN,FT,Data Engineer,1600000,INR,21637,IN,50,IN,M
2021,SE,FT,Data Scientist,130000,CAD,103691,CA,100,CA,L
2021,MI,FT,Data Analyst,80000,USD,80000,US,100,US,L
2021,MI,FT,Data Engineer,110000,USD,110000,US,100,US,L
2021,SE,FT,Data Scientist,165000,USD,165000,US,100,US,L
2021,EN,FT,AI Scientist,1335000,INR,18053,IN,100,AS,S
2021,MI,FT,Data Engineer,52500,GBP,72212,GB,50,GB,L
2021,EN,FT,Data Scientist,31000,EUR,36643,FR,50,FR,L
2021,MI,FT,Data Engineer,108000,TRY,12103,TR,0,TR,M
2021,SE,FT,Data Engineer,70000,GBP,96282,GB,50,GB,L
2021,SE,FT,Principal Data Analyst,170000,USD,170000,US,100,US,M
2021,MI,FT,Data Scientist,115000,USD,115000,US,50,US,L
2021,EN,FT,Data Scientist,90000,USD,90000,US,100,US,S
2021,EX,FT,Principal Data Engineer,600000,USD,600000,US,100,US,L
2021,EN,FT,Data Scientist,2100000,INR,28399,IN,100,IN,M
2021,MI,FT,Data Analyst,93000,USD,93000,US,100,US,L
2021,SE,FT,Big Data Architect,125000,CAD,99703,CA,50,CA,M
2021,MI,FT,Data Engineer,200000,USD,200000,US,100,US,L
2021,SE,FT,Principal Data Scientist,147000,EUR,173762,DE,100,DE,M
2021,SE,FT,Machine Learning Engineer,185000,USD,185000,US,50,US,L
2021,EX,FT,Director of Data Science,120000,EUR,141846,DE,0,DE,L
2021,MI,FT,Data Scientist,130000,USD,130000,US,50,US,L
2021,SE,FT,Data Analyst,54000,EUR,63831,DE,50,DE,L
2021,MI,FT,Data Scientist,1250000,INR,16904,IN,100,IN,S
2021,SE,FT,Machine Learning Engineer,4900000,INR,66265,IN,0,IN,L
2021,MI,FT,Data Scientist,21600,EUR,25532,RS,100,DE,S
2021,SE,FT,Lead Data Engineer,160000,USD,160000,PR,50,US,S
2021,MI,FT,Data Engineer,93150,USD,93150,US,0,US,M
2021,MI,FT,Data Engineer,111775,USD,111775,US,0,US,M
2021,MI,FT,Data Engineer,250000,TRY,28016,TR,100,TR,M
2021,EN,FT,Data Engineer,55000,EUR,65013,DE,50,DE,M
2021,EN,FT,Data Engineer,72500,USD,72500,US,100,US,L
2021,SE,FT,Computer Vision Engineer,102000,BRL,18907,BR,0,BR,M
2021,EN,FT,Data Science Consultant,65000,EUR,76833,DE,0,DE,L
2021,EN,FT,Machine Learning Engineer,85000,USD,85000,NL,100,DE,S
2021,SE,FT,Data Scientist,65720,EUR,77684,FR,50,FR,M
2021,EN,FT,Data Scientist,100000,USD,100000,US,100,US,M
2021,EN,FT,Data Scientist,58000,USD,58000,US,50,US,L
2021,SE,FT,AI Scientist,55000,USD,55000,ES,100,ES,L
2021,SE,FT,Data Scientist,180000,TRY,20171,TR,50,TR,L
2021,EN,FT,Business Data Analyst,50000,EUR,59102,LU,100,LU,L
2021,MI,FT,Data Engineer,112000,USD,112000,US,100,US,L
2021,EN,FT,Research Scientist,100000,USD,100000,JE,0,CN,L
2021,MI,PT,Data Engineer,59000,EUR,69741,NL,100,NL,L
2021,SE,CT,Staff Data Scientist,105000,USD,105000,US,100,US,M
2021,MI,FT,Research Scientist,69999,USD,69999,CZ,50,CZ,L
2021,SE,FT,Data Science Manager,7000000,INR,94665,IN,50,IN,L
2021,SE,FT,Head of Data,87000,EUR,102839,SI,100,SI,L
2021,MI,FT,Data Scientist,109000,USD,109000,US,50,US,L
2021,MI,FT,Machine Learning Engineer,43200,EUR,51064,IT,50,IT,L
2022,SE,FT,Data Engineer,135000,USD,135000,US,100,US,M
2022,SE,FT,Data Analyst,155000,USD,155000,US,100,US,M
2022,SE,FT,Data Analyst,120600,USD,120600,US,100,US,M
2022,MI,FT,Data Scientist,130000,USD,130000,US,0,US,M
2022,MI,FT,Data Scientist,90000,USD,90000,US,0,US,M
2022,MI,FT,Data Engineer,170000,USD,170000,US,100,US,M
2022,MI,FT,Data Engineer,150000,USD,150000,US,100,US,M
2022,SE,FT,Data Analyst,102100,USD,102100,US,100,US,M
2022,SE,FT,Data Analyst,84900,USD,84900,US,100,US,M
2022,SE,FT,Data Scientist,136620,USD,136620,US,100,US,M
2022,SE,FT,Data Scientist,99360,USD,99360,US,100,US,M
2022,SE,FT,Data Scientist,90000,GBP,117789,GB,0,GB,M
2022,SE,FT,Data Scientist,80000,GBP,104702,GB,0,GB,M
2022,SE,FT,Data Scientist,146000,USD,146000,US,100,US,M
2022,SE,FT,Data Scientist,123000,USD,123000,US,100,US,M
2022,EN,FT,Data Engineer,40000,GBP,52351,GB,100,GB,M
2022,SE,FT,Data Analyst,99000,USD,99000,US,0,US,M
2022,SE,FT,Data Analyst,116000,USD,116000,US,0,US,M
2022,MI,FT,Data Analyst,106260,USD,106260,US,0,US,M
2022,MI,FT,Data Analyst,126500,USD,126500,US,0,US,M
2022,EX,FT,Data Engineer,242000,USD,242000,US,100,US,M
2022,EX,FT,Data Engineer,200000,USD,200000,US,100,US,M
2022,MI,FT,Data Scientist,50000,GBP,65438,GB,0,GB,M
2022,MI,FT,Data Scientist,30000,GBP,39263,GB,0,GB,M
2022,MI,FT,Data Engineer,60000,GBP,78526,GB,0,GB,M
2022,MI,FT,Data Engineer,40000,GBP,52351,GB,0,GB,M
2022,SE,FT,Data Scientist,165220,USD,165220,US,100,US,M
2022,EN,FT,Data Engineer,35000,GBP,45807,GB,100,GB,M
2022,SE,FT,Data Scientist,120160,USD,120160,US,100,US,M
2022,SE,FT,Data Analyst,90320,USD,90320,US,100,US,M
2022,SE,FT,Data Engineer,181940,USD,181940,US,0,US,M
2022,SE,FT,Data Engineer,132320,USD,132320,US,0,US,M
2022,SE,FT,Data Engineer,220110,USD,220110,US,0,US,M
2022,SE,FT,Data Engineer,160080,USD,160080,US,0,US,M
2022,SE,FT,Data Scientist,180000,USD,180000,US,0,US,L
2022,SE,FT,Data Scientist,120000,USD,120000,US,0,US,L
2022,SE,FT,Data Analyst,124190,USD,124190,US,100,US,M
2022,EX,FT,Data Analyst,130000,USD,130000,US,100,US,M
2022,EX,FT,Data Analyst,110000,USD,110000,US,100,US,M
2022,SE,FT,Data Analyst,170000,USD,170000,US,100,US,M
2022,MI,FT,Data Analyst,115500,USD,115500,US,100,US,M
2022,SE,FT,Data Analyst,112900,USD,112900,US,100,US,M
2022,SE,FT,Data Analyst,90320,USD,90320,US,100,US,M
2022,SE,FT,Data Analyst,112900,USD,112900,US,100,US,M
2022,SE,FT,Data Analyst,90320,USD,90320,US,100,US,M
2022,SE,FT,Data Engineer,165400,USD,165400,US,100,US,M
2022,SE,FT,Data Engineer,132320,USD,132320,US,100,US,M
2022,MI,FT,Data Analyst,167000,USD,167000,US,100,US,M
2022,SE,FT,Data Engineer,243900,USD,243900,US,100,US,M
2022,SE,FT,Data Analyst,136600,USD,136600,US,100,US,M
2022,SE,FT,Data Analyst,109280,USD,109280,US,100,US,M
2022,SE,FT,Data Engineer,128875,USD,128875,US,100,US,M
2022,SE,FT,Data Engineer,93700,USD,93700,US,100,US,M
2022,EX,FT,Head of Data Science,224000,USD,224000,US,100,US,M
2022,EX,FT,Head of Data Science,167875,USD,167875,US,100,US,M
2022,EX,FT,Analytics Engineer,175000,USD,175000,US,100,US,M
2022,SE,FT,Data Engineer,156600,USD,156600,US,100,US,M
2022,SE,FT,Data Engineer,108800,USD,108800,US,0,US,M
2022,SE,FT,Data Scientist,95550,USD,95550,US,0,US,M
2022,SE,FT,Data Engineer,113000,USD,113000,US,0,US,L
2022,SE,FT,Data Analyst,135000,USD,135000,US,100,US,M
2022,SE,FT,Data Science Manager,161342,USD,161342,US,100,US,M
2022,SE,FT,Data Science Manager,137141,USD,137141,US,100,US,M
2022,SE,FT,Data Scientist,167000,USD,167000,US,100,US,M
2022,SE,FT,Data Scientist,123000,USD,123000,US,100,US,M
2022,SE,FT,Data Engineer,60000,GBP,78526,GB,0,GB,M
2022,SE,FT,Data Engineer,50000,GBP,65438,GB,0,GB,M
2022,SE,FT,Data Scientist,150000,USD,150000,US,0,US,M
2022,SE,FT,Data Scientist,211500,USD,211500,US,100,US,M
2022,SE,FT,Data Architect,192400,USD,192400,CA,100,CA,M
2022,SE,FT,Data Architect,90700,USD,90700,CA,100,CA,M
2022,SE,FT,Data Analyst,130000,USD,130000,CA,100,CA,M
2022,SE,FT,Data Analyst,61300,USD,61300,CA,100,CA,M
2022,SE,FT,Data Analyst,130000,USD,130000,CA,100,CA,M
2022,SE,FT,Data Analyst,61300,USD,61300,CA,100,CA,M
2022,SE,FT,Data Engineer,160000,USD,160000,US,0,US,L
2022,SE,FT,Data Scientist,138600,USD,138600,US,100,US,M
2022,SE,FT,Data Engineer,136000,USD,136000,US,0,US,M
2022,MI,FT,Data Analyst,58000,USD,58000,US,0,US,S
2022,EX,FT,Analytics Engineer,135000,USD,135000,US,100,US,M
2022,SE,FT,Data Scientist,170000,USD,170000,US,100,US,M
2022,SE,FT,Data Scientist,123000,USD,123000,US,100,US,M
2022,SE,FT,Machine Learning Engineer,189650,USD,189650,US,0,US,M
2022,SE,FT,Machine Learning Engineer,164996,USD,164996,US,0,US,M
2022,MI,FT,ETL Developer,50000,EUR,54957,GR,0,GR,M
2022,MI,FT,ETL Developer,50000,EUR,54957,GR,0,GR,M
2022,EX,FT,Lead Data Engineer,150000,CAD,118187,CA,100,CA,S
2022,SE,FT,Data Analyst,132000,USD,132000,US,0,US,M
2022,SE,FT,Data Engineer,165400,USD,165400,US,100,US,M
2022,SE,FT,Data Architect,208775,USD,208775,US,100,US,M
2022,SE,FT,Data Architect,147800,USD,147800,US,100,US,M
2022,SE,FT,Data Engineer,136994,USD,136994,US,100,US,M
2022,SE,FT,Data Engineer,101570,USD,101570,US,100,US,M
2022,SE,FT,Data Analyst,128875,USD,128875,US,100,US,M
2022,SE,FT,Data Analyst,93700,USD,93700,US,100,US,M
2022,EX,FT,Head of Machine Learning,6000000,INR,79039,IN,50,IN,L
2022,SE,FT,Data Engineer,132320,USD,132320,US,100,US,M
2022,EN,FT,Machine Learning Engineer,28500,GBP,37300,GB,100,GB,L
2022,SE,FT,Data Analyst,164000,USD,164000,US,0,US,M
2022,SE,FT,Data Engineer,155000,USD,155000,US,100,US,M
2022,MI,FT,Machine Learning Engineer,95000,GBP,124333,GB,0,GB,M
2022,MI,FT,Machine Learning Engineer,75000,GBP,98158,GB,0,GB,M
2022,MI,FT,AI Scientist,120000,USD,120000,US,0,US,M
2022,SE,FT,Data Analyst,112900,USD,112900,US,100,US,M
2022,SE,FT,Data Analyst,90320,USD,90320,US,100,US,M
2022,SE,FT,Data Analytics Manager,145000,USD,145000,US,100,US,M
2022,SE,FT,Data Analytics Manager,105400,USD,105400,US,100,US,M
2022,MI,FT,Machine Learning Engineer,80000,EUR,87932,FR,100,DE,M
2022,MI,FT,Data Engineer,90000,GBP,117789,GB,0,GB,M
2022,SE,FT,Data Scientist,215300,USD,215300,US,100,US,L
2022,SE,FT,Data Scientist,158200,USD,158200,US,100,US,L
2022,SE,FT,Data Engineer,209100,USD,209100,US,100,US,L
2022,SE,FT,Data Engineer,154600,USD,154600,US,100,US,L
2022,SE,FT,Data Analyst,115934,USD,115934,US,0,US,M
2022,SE,FT,Data Analyst,81666,USD,81666,US,0,US,M
2022,SE,FT,Data Engineer,175000,USD,175000,US,100,US,M
2022,MI,FT,Data Engineer,75000,GBP,98158,GB,0,GB,M
2022,MI,FT,Data Analyst,58000,USD,58000,US,0,US,S
2022,SE,FT,Data Engineer,183600,USD,183600,US,100,US,L
2022,MI,FT,Data Analyst,40000,GBP,52351,GB,100,GB,M
2022,SE,FT,Data Scientist,180000,USD,180000,US,100,US,M
2022,MI,FT,Data Scientist,55000,GBP,71982,GB,0,GB,M
2022,MI,FT,Data Scientist,35000,GBP,45807,GB,0,GB,M
2022,MI,FT,Data Engineer,60000,EUR,65949,GR,100,GR,M
2022,MI,FT,Data Engineer,45000,EUR,49461,GR,100,GR,M
2022,MI,FT,Data Engineer,60000,GBP,78526,GB,100,GB,M
2022,MI,FT,Data Engineer,45000,GBP,58894,GB,100,GB,M
2022,SE,FT,Data Scientist,260000,USD,260000,US,100,US,M
2022,SE,FT,Data Science Engineer,60000,USD,60000,AR,100,MX,L
2022,MI,FT,Data Engineer,63900,USD,63900,US,0,US,M
2022,MI,FT,Machine Learning Scientist,160000,USD,160000,US,100,US,L
2022,MI,FT,Machine Learning Scientist,112300,USD,112300,US,100,US,L
2022,MI,FT,Data Science Manager,241000,USD,241000,US,100,US,M
2022,MI,FT,Data Science Manager,159000,USD,159000,US,100,US,M
2022,SE,FT,Data Scientist,180000,USD,180000,US,0,US,M
2022,SE,FT,Data Scientist,80000,USD,80000,US,0,US,M
2022,MI,FT,Data Engineer,82900,USD,82900,US,0,US,M
2022,SE,FT,Data Engineer,100800,USD,100800,US,100,US,L
2022,MI,FT,Data Engineer,45000,EUR,49461,ES,100,ES,M
2022,SE,FT,Data Scientist,140400,USD,140400,US,0,US,L
2022,MI,FT,Data Analyst,30000,GBP,39263,GB,100,GB,M
2022,MI,FT,Data Analyst,40000,EUR,43966,ES,100,ES,M
2022,MI,FT,Data Analyst,30000,EUR,32974,ES,100,ES,M
2022,MI,FT,Data Engineer,80000,EUR,87932,ES,100,ES,M
2022,MI,FT,Data Engineer,70000,EUR,76940,ES,100,ES,M
2022,MI,FT,Data Engineer,80000,GBP,104702,GB,100,GB,M
2022,MI,FT,Data Engineer,70000,GBP,91614,GB,100,GB,M
2022,MI,FT,Data Engineer,60000,EUR,65949,ES,100,ES,M
2022,MI,FT,Data Engineer,80000,EUR,87932,GR,100,GR,M
2022,SE,FT,Machine Learning Engineer,189650,USD,189650,US,0,US,M
2022,SE,FT,Machine Learning Engineer,164996,USD,164996,US,0,US,M
2022,MI,FT,Data Analyst,40000,EUR,43966,GR,100,GR,M
2022,MI,FT,Data Analyst,30000,EUR,32974,GR,100,GR,M
2022,MI,FT,Data Engineer,75000,GBP,98158,GB,100,GB,M
2022,MI,FT,Data Engineer,60000,GBP,78526,GB,100,GB,M
2022,SE,FT,Data Scientist,215300,USD,215300,US,0,US,L
2022,MI,FT,Data Engineer,70000,EUR,76940,GR,100,GR,M
2022,SE,FT,Data Engineer,209100,USD,209100,US,100,US,L
2022,SE,FT,Data Engineer,154600,USD,154600,US,100,US,L
2022,SE,FT,Data Engineer,180000,USD,180000,US,100,US,M
2022,EN,FT,ML Engineer,20000,EUR,21983,PT,100,PT,L
2022,SE,FT,Data Engineer,80000,USD,80000,US,100,US,M
2022,MI,FT,Machine Learning Developer,100000,CAD,78791,CA,100,CA,M
2022,EX,FT,Director of Data Science,250000,CAD,196979,CA,50,CA,L
2022,MI,FT,Machine Learning Engineer,120000,USD,120000,US,100,US,S
2022,EN,FT,Computer Vision Engineer,125000,USD,125000,US,0,US,M
2022,MI,FT,NLP Engineer,240000,CNY,37236,US,50,US,L
2022,SE,FT,Data Engineer,105000,USD,105000,US,100,US,M
2022,SE,FT,Lead Machine Learning Engineer,80000,EUR,87932,DE,0,DE,M
2022,MI,FT,Business Data Analyst,1400000,INR,18442,IN,100,IN,M
2022,MI,FT,Data Scientist,2400000,INR,31615,IN,100,IN,L
2022,MI,FT,Machine Learning Infrastructure Engineer,53000,EUR,58255,PT,50,PT,L
2022,EN,FT,Financial Data Analyst,100000,USD,100000,US,50,US,L
2022,MI,PT,Data Engineer,50000,EUR,54957,DE,50,DE,L
2022,EN,FT,Data Scientist,1400000,INR,18442,IN,100,IN,M
2022,SE,FT,Principal Data Scientist,148000,EUR,162674,DE,100,DE,M
2022,EN,FT,Data Engineer,120000,USD,120000,US,100,US,M
2022,SE,FT,Research Scientist,144000,USD,144000,US,50,US,L
2022,SE,FT,Data Scientist,104890,USD,104890,US,100,US,M
2022,SE,FT,Data Engineer,100000,USD,100000,US,100,US,M
2022,SE,FT,Data Scientist,140000,USD,140000,US,100,US,M
2022,MI,FT,Data Analyst,135000,USD,135000,US,100,US,M
2022,MI,FT,Data Analyst,50000,USD,50000,US,100,US,M
2022,SE,FT,Data Scientist,220000,USD,220000,US,100,US,M
2022,SE,FT,Data Scientist,140000,USD,140000,US,100,US,M
2022,MI,FT,Data Scientist,140000,GBP,183228,GB,0,GB,M
2022,MI,FT,Data Scientist,70000,GBP,91614,GB,0,GB,M
2022,SE,FT,Data Scientist,185100,USD,185100,US,100,US,M
2022,SE,FT,Machine Learning Engineer,220000,USD,220000,US,100,US,M
2022,MI,FT,Data Scientist,200000,USD,200000,US,100,US,M
2022,MI,FT,Data Scientist,120000,USD,120000,US,100,US,M
2022,SE,FT,Machine Learning Engineer,120000,USD,120000,AE,100,AE,S
2022,SE,FT,Machine Learning Engineer,65000,USD,65000,AE,100,AE,S
2022,EX,FT,Data Engineer,324000,USD,324000,US,100,US,M
2022,EX,FT,Data Engineer,216000,USD,216000,US,100,US,M
2022,SE,FT,Data Engineer,210000,USD,210000,US,100,US,M
2022,SE,FT,Machine Learning Engineer,120000,USD,120000,US,100,US,M
2022,SE,FT,Data Scientist,230000,USD,230000,US,100,US,M
2022,EN,PT,Data Scientist,100000,USD,100000,DZ,50,DZ,M
2022,MI,FL,Data Scientist,100000,USD,100000,CA,100,US,M
2022,EN,CT,Applied Machine Learning Scientist,29000,EUR,31875,TN,100,CZ,M
2022,SE,FT,Head of Data,200000,USD,200000,MY,100,US,M
2022,MI,FT,Principal Data Analyst,75000,USD,75000,CA,100,CA,S
2022,MI,FT,Data Scientist,150000,PLN,35590,PL,100,PL,L
2022,SE,FT,Machine Learning Developer,100000,CAD,78791,CA,100,CA,M
2022,SE,FT,Data Scientist,100000,USD,100000,BR,100,US,M
2022,MI,FT,Machine Learning Scientist,153000,USD,153000,US,50,US,M
2022,EN,FT,Data Engineer,52800,EUR,58035,PK,100,DE,M
2022,SE,FT,Data Scientist,165000,USD,165000,US,100,US,M
2022,SE,FT,Research Scientist,85000,EUR,93427,FR,50,FR,L
2022,EN,FT,Data Scientist,66500,CAD,52396,CA,100,CA,L
2022,SE,FT,Machine Learning Engineer,57000,EUR,62651,NL,100,NL,L
2022,MI,FT,Head of Data,30000,EUR,32974,EE,100,EE,S
2022,EN,FT,Data Scientist,40000,USD,40000,JP,100,MY,L
2022,MI,FT,Machine Learning Engineer,121000,AUD,87425,AU,100,AU,L
2022,SE,FT,Data Engineer,115000,USD,115000,US,100,US,M
2022,EN,FT,Data Scientist,120000,AUD,86703,AU,50,AU,M
2022,MI,FT,Applied Machine Learning Scientist,75000,USD,75000,BO,100,US,L
2022,MI,FT,Research Scientist,59000,EUR,64849,AT,0,AT,L
2022,EN,FT,Research Scientist,120000,USD,120000,US,100,US,L
2022,MI,FT,Applied Data Scientist,157000,USD,157000,US,100,US,L
2022,EN,FT,Computer Vision Software Engineer,150000,USD,150000,AU,100,AU,S
2022,MI,FT,Business Data Analyst,90000,CAD,70912,CA,50,CA,L
2022,EN,FT,Data Engineer,65000,USD,65000,US,100,US,S
2022,SE,FT,Machine Learning Engineer,65000,EUR,71444,IE,100,IE,S
2022,EN,FT,Data Analytics Engineer,20000,USD,20000,PK,0,PK,M
2022,MI,FT,Data Scientist,48000,USD,48000,RU,100,US,S
2022,SE,FT,Data Science Manager,152500,USD,152500,US,100,US,M
2022,MI,FT,Data Engineer,62000,EUR,68147,FR,100,FR,M
2022,MI,FT,Data Scientist,115000,CHF,122346,CH,0,CH,L
2022,SE,FT,Applied Data Scientist,380000,USD,380000,US,100,US,L
2022,MI,FT,Data Scientist,88000,CAD,69336,CA,100,CA,M
2022,EN,FT,Computer Vision Engineer,10000,USD,10000,PT,100,LU,M
2022,MI,FT,Data Analyst,20000,USD,20000,GR,100,GR,S
2022,SE,FT,Data Analytics Lead,405000,USD,405000,US,100,US,L
2022,MI,FT,Data Scientist,135000,USD,135000,US,100,US,L
2022,SE,FT,Applied Data Scientist,177000,USD,177000,US,100,US,L
2022,MI,FT,Data Scientist,78000,USD,78000,US,100,US,M
2022,SE,FT,Data Analyst,135000,USD,135000,US,100,US,M
2022,SE,FT,Data Analyst,100000,USD,100000,US,100,US,M
2022,SE,FT,Data Analyst,90320,USD,90320,US,100,US,M
2022,MI,FT,Data Analyst,85000,USD,85000,CA,0,CA,M
2022,MI,FT,Data Analyst,75000,USD,75000,CA,0,CA,M
2022,SE,FT,Machine Learning Engineer,214000,USD,214000,US,100,US,M
2022,SE,FT,Machine Learning Engineer,192600,USD,192600,US,100,US,M
2022,SE,FT,Data Architect,266400,USD,266400,US,100,US,M
2022,SE,FT,Data Architect,213120,USD,213120,US,100,US,M
2022,SE,FT,Data Analyst,112900,USD,112900,US,100,US,M
2022,SE,FT,Data Engineer,155000,USD,155000,US,100,US,M
2022,MI,FT,Data Scientist,141300,USD,141300,US,0,US,M
2022,MI,FT,Data Scientist,102100,USD,102100,US,0,US,M
2022,SE,FT,Data Analyst,115934,USD,115934,US,100,US,M
2022,SE,FT,Data Analyst,81666,USD,81666,US,100,US,M
2022,MI,FT,Data Engineer,206699,USD,206699,US,0,US,M
2022,MI,FT,Data Engineer,99100,USD,99100,US,0,US,M
2022,SE,FT,Data Engineer,130000,USD,130000,US,100,US,M
2022,SE,FT,Data Engineer,115000,USD,115000,US,100,US,M
2022,SE,FT,Data Engineer,110500,USD,110500,US,100,US,M
2022,SE,FT,Data Engineer,130000,USD,130000,US,100,US,M
2022,SE,FT,Data Analyst,99050,USD,99050,US,100,US,M
2022,SE,FT,Data Engineer,160000,USD,160000,US,100,US,M
2022,SE,FT,Data Scientist,205300,USD,205300,US,0,US,L
2022,SE,FT,Data Scientist,140400,USD,140400,US,0,US,L
2022,SE,FT,Data Scientist,176000,USD,176000,US,100,US,M
2022,SE,FT,Data Scientist,144000,USD,144000,US,100,US,M
2022,SE,FT,Data Engineer,200100,USD,200100,US,100,US,M
2022,SE,FT,Data Engineer,160000,USD,160000,US,100,US,M
2022,SE,FT,Data Engineer,145000,USD,145000,US,100,US,M
2022,SE,FT,Data Engineer,70500,USD,70500,US,0,US,M
2022,SE,FT,Data Scientist,205300,USD,205300,US,0,US,M
2022,SE,FT,Data Scientist,140400,USD,140400,US,0,US,M
2022,SE,FT,Analytics Engineer,205300,USD,205300,US,0,US,M
2022,SE,FT,Analytics Engineer,184700,USD,184700,US,0,US,M
2022,SE,FT,Data Engineer,175100,USD,175100,US,100,US,M
2022,SE,FT,Data Engineer,140250,USD,140250,US,100,US,M
2022,SE,FT,Data Analyst,116150,USD,116150,US,100,US,M
2022,SE,FT,Data Engineer,54000,USD,54000,US,0,US,M
2022,SE,FT,Data Analyst,170000,USD,170000,US,100,US,M
2022,MI,FT,Data Analyst,50000,GBP,65438,GB,0,GB,M
2022,SE,FT,Data Analyst,80000,USD,80000,US,100,US,M
2022,SE,FT,Data Scientist,140000,USD,140000,US,100,US,M
2022,SE,FT,Data Scientist,210000,USD,210000,US,100,US,M
2022,SE,FT,Data Scientist,140000,USD,140000,US,100,US,M
2022,SE,FT,Data Analyst,100000,USD,100000,US,100,US,M
2022,SE,FT,Data Analyst,69000,USD,69000,US,100,US,M
2022,SE,FT,Data Scientist,210000,USD,210000,US,100,US,M
2022,SE,FT,Data Scientist,140000,USD,140000,US,100,US,M
2022,SE,FT,Data Scientist,210000,USD,210000,US,100,US,M
2022,SE,FT,Data Analyst,150075,USD,150075,US,100,US,M
2022,SE,FT,Data Engineer,100000,USD,100000,US,100,US,M
2022,SE,FT,Data Engineer,25000,USD,25000,US,100,US,M
2022,SE,FT,Data Analyst,126500,USD,126500,US,100,US,M
2022,SE,FT,Data Analyst,106260,USD,106260,US,100,US,M
2022,SE,FT,Data Engineer,220110,USD,220110,US,100,US,M
2022,SE,FT,Data Engineer,160080,USD,160080,US,100,US,M
2022,SE,FT,Data Analyst,105000,USD,105000,US,100,US,M
2022,SE,FT,Data Analyst,110925,USD,110925,US,100,US,M
2022,MI,FT,Data Analyst,35000,GBP,45807,GB,0,GB,M
2022,SE,FT,Data Scientist,140000,USD,140000,US,100,US,M
2022,SE,FT,Data Analyst,99000,USD,99000,US,0,US,M
2022,SE,FT,Data Analyst,60000,USD,60000,US,100,US,M
2022,SE,FT,Data Architect,192564,USD,192564,US,100,US,M
2022,SE,FT,Data Architect,144854,USD,144854,US,100,US,M
2022,SE,FT,Data Scientist,230000,USD,230000,US,100,US,M
2022,SE,FT,Data Scientist,150000,USD,150000,US,100,US,M
2022,SE,FT,Data Analytics Manager,150260,USD,150260,US,100,US,M
2022,SE,FT,Data Analytics Manager,109280,USD,109280,US,100,US,M
2022,SE,FT,Data Scientist,210000,USD,210000,US,100,US,M
2022,SE,FT,Data Analyst,170000,USD,170000,US,100,US,M
2022,MI,FT,Data Scientist,160000,USD,160000,US,100,US,M
2022,MI,FT,Data Scientist,130000,USD,130000,US,100,US,M
2022,EN,FT,Data Analyst,67000,USD,67000,CA,0,CA,M
2022,EN,FT,Data Analyst,52000,USD,52000,CA,0,CA,M
2022,SE,FT,Data Engineer,154000,USD,154000,US,100,US,M
2022,SE,FT,Data Engineer,126000,USD,126000,US,100,US,M
2022,SE,FT,Data Analyst,129000,USD,129000,US,0,US,M
2022,SE,FT,Data Analyst,150000,USD,150000,US,100,US,M
2022,MI,FT,AI Scientist,200000,USD,200000,IN,100,US,L
2021,MI,FT,Data Scientist,78000,EUR,92000,GB,50,DE,M
2022,SE,FT,Machine Learning Engineer,130000,USD,130000,AU,100,US,L
2020,EN,FT,Data Analyst,45000,GBP,60000,DE,0,GB,S
2023,SE,FT,Business Data Analyst,125000,USD,125000,GB,50,US,M
2023,MI,FT,Machine Learning Engineer,95000,CAD,75000,JP,50,CA,M
2024,SE,FT,Lead Data Scientist,240000,USD,240000,IN,100,US,L
2020,MI,FT,Product Data Analyst,70000,USD,70000,JP,50,US,M
2021,EN,FT,Data Engineer,55000,AUD,40000,FR,0,AU,S
2022,SE,FT,Machine Learning Scientist,175000,USD,175000,IN,100,US,L
2023,MI,FT,Business Intelligence Dev,100000,USD,100000,NL,50,US,M
2021,SE,FT,Data Scientist,95000,EUR,112000,CA,50,DE,M
2022,EN,FT,Machine Learning Engineer,120000,USD,120000,NL,100,US,L
2020,MI,FT,Data Analyst,65000,GBP,85000,IN,0,GB,M
2023,SE,FT,Business Data Analyst,110000,USD,110000,IT,50,CA,M
2023,MI,FT,Machine Learning Engineer,98000,CAD,78000,DE,50,US,M
2024,SE,FT,Lead Data Scientist,220000,USD,220000,IT,100,US,L
2020,MI,FT,Product Data Analyst,50000,USD,50000,AU,50,US,M
2021,EN,FT,Data Engineer,58000,AUD,44000,GB,0,AU,S
2022,SE,FT,Machine Learning Scientist,175000,USD,175000,CA,100,JP,L
2023,MI,FT,Business Intelligence Dev,95000,USD,95000,FR,50,US,M
2020,SE,FT,Data Scientist,87000,EUR,100000,GB,100,FR,L
2021,MI,FT,Data Engineer,105000,USD,105000,JP,100,US,L
2023,EN,FT,Data Analyst,53000,GBP,70000,JP,0,,L
2021,EN,FT,Junior Data Scientist,55000,EUR,65000,IT,50,IT,S
2022,SE,FT,Senior Machine Learning Engineer,140000,USD,140000,CA,100,US,L
2020,MI,FT,Data Analyst,62000,GBP,80000,IN,50,GB,M
2021,EN,FT,Business Intelligence Analyst,40000,USD,32000,US,0,US,M
2023,MI,FT,Data Engineer,98000,USD,98000,FR,50,US,L
2024,SE,FT,Lead Data Scientist,200000,EUR,225000,IT,100,NL,M
2022,MI,FT,Product Data Analyst,72000,USD,72000,NL,50,US,L
2020,SE,FT,Senior Data Engineer,150000,USD,150000,US,100,US,L
2023,EN,FT,Data Analyst,48000,AUD,37000,FR,50,AU,S
2022,MI,FT,Machine Learning Engineer,110000,GBP,145000,DE,50,GB,M
2024,MI,FT,Data Scientist,140549,EUR,77000,IN,0,IT,M
2022,SE,FT,Senior Data Engineer,125520,AUD,260000,DE,100,GB,S
2024,SE,FT,Junior Data Scientist,148384,USD,110500,US,100,US,S
2021,SE,FT,Senior Data Engineer,183332,EUR,20000,FR,100,IT,M
2023,SE,FT,Lead Data Scientist,54921,USD,150000,IT,50,US,S
2023,SE,FT,Business Intelligence Analyst,94821,AUD,72000,JP,0,IN,S
2020,SE,FT,Product Data Analyst,44642,USD,190000,US,0,US,S
2023,EN,FT,Business Intelligence Analyst,99541,CAD,7700000,FR,0,IT,L
2020,EN,FT,Junior Data Scientist,102386,USD,135000,IN,50,US,S
2021,EN,FT,Product Data Analyst,45700,USD,125000,AU,100,AU,S
2022,EN,FT,Data Engineer,167070,AUD,49500,NL,50,AU,S
2021,MI,FT,Machine Learning Engineer,150244,GBP,2100000,NL,0,FR,L
2024,SE,FT,Data Scientist,108234,EUR,38500,AU,100,US,L
2023,SE,FT,Machine Learning Scientist,129797,CAD,87000,CA,100,US,M
2023,SE,FT,Senior Data Engineer,188749,GBP,85000,GB,100,JP,S
2020,MI,FT,Senior Data Engineer,85562,USD,8000,CA,0,US,M
2024,MI,FT,Data Scientist,138623,CAD,3115000,DE,0,NL,M
2021,MI,FT,Data Engineer,134834,EUR,110000,CA,100,NL,M
2021,EN,FT,Data Analyst,79925,GBP,296100,IN,50,AU,M
2021,SE,FT,Senior Data Engineer,109916,CAD,56000,NL,50,US,M
2022,SE,FT,Lead Data Scientist,191650,AUD,209300,IT,0,DE,L
2022,MI,FT,Lead Data Scientist,42055,EUR,315000,CA,50,DE,M
2024,MI,FT,Lead Data Scientist,161475,EUR,46200,FR,100,NL,S
2021,EN,FT,Machine Learning Engineer,165089,GBP,98000,NL,100,FR,L
2021,SE,FT,Business Intelligence Analyst,147300,USD,115000,DE,0,US,S
2021,EN,FT,Business Intelligence Analyst,51326,USD,325000,GB,0,FR,L
2020,EN,FT,Business Intelligence Analyst,193377,AUD,42000,AU,50,US,M
2021,SE,FT,Lead Data Scientist,126983,USD,504000,CA,100,US,S
2020,SE,FT,Data Scientist,183854,CAD,100000,NL,100,IT,S
2022,MI,FT,Data Analyst,174730,GBP,117750,JP,100,DE,M
2023,EN,FT,Junior Data Scientist,91738,EUR,57198.9,DE,50,IT,M
2023,MI,FT,Data Scientist,118090,USD,70000,DE,0,US,S
2023,EN,FT,Senior Data Engineer,80048,CAD,66000,IN,50,GB,L
2021,MI,FT,Lead Data Scientist,86815,GBP,450000,GB,0,US,S
2023,SE,FT,Data Scientist,67629,USD,45100,NL,0,GB,L
2021,SE,FT,Data Engineer,53822,AUD,71500,FR,0,GB,L
2021,SE,FT,Product Data Analyst,103280,EUR,103000,DE,0,IT,L
2022,MI,FT,Machine Learning Engineer,74204,EUR,250000,JP,0,IN,M
2020,MI,FT,Product Data Analyst,114811,USD,10000,GB,100,AU,L
2023,MI,FT,Business Intelligence Analyst,149309,USD,138000,US,100,US,L
2020,EN,FT,Data Analyst,72448,CAD,45760,GB,50,US,M
2021,MI,FT,Data Analyst,113457,AUD,77000,CA,100,IT,S
2024,SE,FT,Data Analyst,148610,USD,48400,GB,50,US,M
2021,EN,FT,Product Data Analyst,92290,USD,106000,JP,50,US,M
2021,MI,FT,Junior Data Scientist,41526,USD,114400,CA,100,US,M
2022,SE,FT,Data Engineer,84768,USD,15400,DE,50,US,L
2023,MI,FT,Data Analyst,105166,GBP,78000,IT,100,US,M
2022,SE,FT,Business Intelligence Analyst,193329,AUD,188000,IT,100,JP,L
2022,MI,FT,Machine Learning Engineer,75856,USD,105000,GB,0,US,L
2021,SE,FT,Data Engineer,198685,AUD,67650,NL,100,FR,L
2020,MI,FT,Product Data Analyst,48505,EUR,315000,CA,50,DE,S
2020,MI,FT,Junior Data Scientist,189826,AUD,91000,GB,100,IT,M
2020,MI,FT,Data Engineer,104867,EUR,210000,AU,0,IN,S
2023,SE,FT,Data Scientist,172211,AUD,52800,IT,100,AU,S
2021,MI,FT,Data Analyst,77063,USD,60000,GB,100,US,S
2021,EN,FT,Data Engineer,45110,USD,143000,IT,0,US,M
2022,SE,FT,Data Scientist,99246,AUD,37400,CA,100,CA,S
2024,EN,FT,Data Scientist,99492,CAD,118000,JP,100,IT,L
2021,SE,FT,Lead Data Scientist,130670,EUR,120000,JP,100,DE,S
2022,MI,FT,Business Intelligence Analyst,139400,EUR,138350,JP,100,IN,L
2022,MI,FT,Data Engineer,85297,CAD,110000,GB,100,IN,L
2021,SE,FT,Data Analyst,192835,EUR,130800,NL,50,GB,M
2023,MI,FT,Data Scientist,40014,GBP,20900,IN,50,GB,M
2023,EN,FT,Data Engineer,47566,GBP,412000,IT,50,AU,L
2020,MI,FT,Lead Data Scientist,164652,CAD,44000,AU,100,CA,S
2022,MI,FT,Machine Learning Engineer,169757,USD,60500,GB,100,CA,S
2023,MI,FT,Data Analyst,82876,GBP,47520,NL,50,CA,M
2024,MI,FT,Lead Data Scientist,98076,GBP,190200,FR,0,JP,L
2024,EN,FT,Data Scientist,127756,USD,105000,US,100,US,S
2023,SE,FT,Senior Data Engineer,73835,USD,88000,IT,100,IN,M
2022,EN,FT,Machine Learning Engineer,52783,GBP,60500,IN,0,IN,M
2024,MI,FT,Data Analyst,123810,USD,40700,FR,50,IN,M
2022,MI,FT,Business Intelligence Analyst,123117,USD,78000,US,50,US,L
2024,SE,FT,Data Analyst,187015,EUR,150000,IN,100,AU,S
2020,SE,FT,Senior Data Engineer,138458,USD,235000,CA,50,US,M
2020,MI,FT,Junior Data Scientist,73507,AUD,49500,NL,100,DE,S
2023,SE,FT,Product Data Analyst,44945,USD,100000,GB,100,JP,L
2022,MI,FT,Junior Data Scientist,170435,USD,280000,AU,50,IT,L
2021,SE,FT,Machine Learning Engineer,197422,EUR,270000,IN,0,NL,M
2020,MI,FT,Lead Data Scientist,100120,AUD,80000,IT,0,AU,M
2021,EN,FT,Machine Learning Scientist,148586,AUD,73700,FR,100,JP,L
2021,EN,FT,Data Scientist,140462,AUD,140000,FR,100,DE,S
2020,SE,FT,Data Scientist,137437,USD,51000,CA,0,US,S
2024,EN,FT,Data Engineer,110550,CAD,44000,GB,100,US,M
2023,SE,FT,Data Analyst,96050,USD,143000,US,50,US,M
2021,EN,FT,Data Scientist,126011,GBP,77000,JP,100,IN,M
2021,SE,FT,Machine Learning Engineer,119829,AUD,55000,JP,100,JP,L
2022,SE,FT,Junior Data Scientist,106200,CAD,110000,GB,100,CA,S
2021,MI,FT,Data Engineer,171083,AUD,170000,DE,50,NL,S
2024,SE,FT,Data Engineer,180379,EUR,80000,IN,100,AU,L
2021,EN,FT,Lead Data Scientist,46192,USD,82500,NL,50,JP,S
2021,EN,FT,Junior Data Scientist,52486,USD,71500,NL,0,IN,S
2024,SE,FT,Data Analyst,185485,CAD,1015000,FR,100,GB,M
2022,EN,FT,Senior Data Engineer,44147,CAD,276000,IT,100,JP,M
2024,EN,FT,Machine Learning Scientist,52415,USD,1540000,NL,50,FR,M
2021,MI,FT,Data Analyst,115552,CAD,84000,AU,50,AU,S
2020,SE,FT,Business Intelligence Analyst,113471,USD,12000,US,100,US,M
2024,SE,FT,Product Data Analyst,45525,CAD,450000,IN,100,IN,M
2021,EN,FT,Junior Data Scientist,179750,GBP,70000,NL,100,US,S
2022,MI,FT,Senior Data Engineer,158589,EUR,89100,JP,100,FR,M
2024,SE,FT,Lead Data Scientist,125761,USD,75000,JP,100,AU,M
2023,MI,FT,Junior Data Scientist,156930,USD,150000,FR,0,IN,M
2024,MI,FT,Product Data Analyst,106214,USD,7700000,NL,100,IT,L
2024,MI,FT,Machine Learning Scientist,154649,CAD,62000,FR,50,NL,S
2024,MI,FT,Machine Learning Engineer,157949,USD,73000,FR,0,DE,S
2024,MI,FT,Senior Data Engineer,182390,EUR,48692.8,FR,0,DE,M
2023,EN,FT,Lead Data Scientist,57969,AUD,176250,AU,100,FR,L
2021,EN,FT,Product Data Analyst,161335,USD,115000,AU,50,FR,S
2021,MI,FT,Junior Data Scientist,98397,GBP,150000,CA,50,FR,M
2024,MI,FT,Machine Learning Scientist,65344,USD,1575000,JP,50,NL,M
2024,MI,FT,Senior Data Engineer,113063,EUR,88000,AU,50,CA,M
2024,SE,FT,Business Intelligence Analyst,122636,USD,107250,IT,50,NL,L
2021,SE,FT,Machine Learning Engineer,171492,CAD,97500,CA,50,US,M
2024,SE,FT,Machine Learning Scientist,103912,USD,12000,US,100,US,S
2024,SE,FT,Product Data Analyst,98471,CAD,42240,CA,0,IT,S
2023,SE,FT,Lead Data Scientist,138328,GBP,225000,AU,100,JP,S
2023,EN,FT,Lead Data Scientist,183960,CAD,50000,GB,50,FR,L
2024,SE,FT,Data Scientist,128137,USD,37400,US,0,US,M
2024,EN,FT,Machine Learning Engineer,150554,GBP,90000,AU,0,US,S
2023,SE,FT,Lead Data Scientist,159086,EUR,200000,FR,100,JP,M
2024,SE,FT,Machine Learning Scientist,143408,GBP,60000,IN,50,GB,S
2024,SE,FT,Machine Learning Scientist,149766,GBP,200000,JP,100,US,M
2023,MI,FT,Product Data Analyst,44866,AUD,50000,CA,100,IN,M
2020,EN,FT,Business Intelligence Analyst,108252,GBP,104000,JP,50,CA,M
2020,MI,FT,Data Scientist,63489,USD,9636,US,100,US,L
2020,SE,FT,Data Scientist,159622,EUR,151000,IN,50,AU,L
2020,SE,FT,Data Scientist,122369,CAD,120000,DE,50,CA,M
2024,SE,FT,Business Intelligence Analyst,122474,USD,490000,CA,100,US,L
2022,EN,FT,Lead Data Scientist,134277,AUD,20000,JP,100,IT,M
2024,MI,FT,Lead Data Scientist,99137,EUR,2100000,IN,50,DE,L
2024,EN,FT,Junior Data Scientist,104335,GBP,100000,FR,100,NL,L
2020,EN,FT,Business Intelligence Analyst,84615,GBP,46200,IN,0,CA,M
2022,SE,FT,Data Engineer,191799,GBP,38400,IN,100,AU,S
2024,EN,FT,Data Engineer,149262,AUD,24000,JP,50,GB,M
2022,MI,FT,Lead Data Scientist,195252,EUR,100000,JP,50,FR,L
2021,SE,FT,Product Data Analyst,135362,CAD,90000,IT,100,GB,S
2024,MI,FT,Junior Data Scientist,99167,USD,4900000,DE,100,CA,M
2023,EN,FT,Product Data Analyst,164850,CAD,5950000,AU,0,AU,L
2021,MI,FT,Business Intelligence Analyst,162776,USD,220000,GB,50,IT,M
2021,MI,FT,Data Analyst,79831,CAD,80000,GB,100,GB,S
2020,SE,FT,Lead Data Scientist,134739,AUD,135000,CA,100,NL,L
2023,MI,FT,Data Scientist,113544,CAD,240000,IN,50,AU,M
2020,MI,FT,Junior Data Scientist,150720,AUD,150000,FR,100,GB,M
2023,MI,FT,Product Data Analyst,91902,AUD,82500,CA,0,AU,L
2022,EN,FT,Machine Learning Scientist,96170,GBP,100000,IT,100,AU,L
2021,EN,FT,Machine Learning Engineer,103034,USD,77000,US,100,US,L
2020,EN,FT,Data Scientist,108209,USD,58300,US,100,US,L
2023,EN,FT,Data Analyst,40745,USD,90000,US,100,US,M
2023,MI,FT,Data Analyst,112491,CAD,153000,IT,0,NL,S
2024,SE,FT,Business Intelligence Analyst,45514,CAD,160000,DE,0,FR,S
2022,EN,FT,Product Data Analyst,134026,CAD,168000,FR,50,GB,S
2020,SE,FT,Business Intelligence Analyst,84261,AUD,150000,GB,100,JP,L
2020,EN,FT,Data Engineer,187147,AUD,71250,FR,50,IT,S
2020,SE,FT,Product Data Analyst,197870,CAD,13400,FR,50,FR,S
2021,EN,FT,Data Analyst,144897,CAD,144000,IN,100,AU,M
2021,EN,FT,Business Intelligence Analyst,131212,GBP,119625,IN,50,US,M
2024,EN,FT,Senior Data Engineer,93665,USD,112000,GB,0,US,S
2023,SE,FT,Business Intelligence Analyst,132148,USD,423000,FR,100,DE,L
2024,EN,FT,Senior Data Engineer,93969,EUR,120000,NL,100,GB,S
2024,EN,FT,Data Analyst,74440,USD,125000,GB,50,US,S
2023,EN,FT,Senior Data Engineer,92494,EUR,230000,IT,50,CA,S
2023,MI,FT,Business Intelligence Analyst,128755,EUR,85000,DE,100,DE,S
2020,SE,FT,Data Scientist,86018,AUD,26400,CA,100,CA,L
2024,EN,FT,Lead Data Scientist,73679,AUD,59400,IT,100,US,M
2023,EN,FT,Machine Learning Engineer,90883,AUD,121000,FR,50,GB,S
2023,SE,FT,Lead Data Scientist,50980,USD,165000,JP,0,US,M
2024,EN,FT,Machine Learning Scientist,120274,GBP,80000,JP,100,JP,L
2020,EN,FT,Machine Learning Scientist,89214,USD,250000,US,100,US,L
2021,EN,FT,Data Analyst,143499,CAD,55000,JP,100,NL,M
2024,SE,FT,Machine Learning Engineer,79252,EUR,150000,GB,0,FR,S
2021,MI,FT,Junior Data Scientist,153621,EUR,170000,IT,100,IT,M
2024,SE,FT,Data Analyst,125989,EUR,78000,IT,100,DE,M
2020,MI,FT,Machine Learning Engineer,114265,GBP,60000,JP,0,US,S
2022,MI,FT,Senior Data Engineer,165127,EUR,235000,AU,0,FR,L
2024,MI,FT,Machine Learning Scientist,112244,CAD,56540,GB,100,FR,M
2022,SE,FT,Data Analyst,118642,USD,174000,FR,100,CA,M
2020,EN,FT,Senior Data Engineer,133704,EUR,40600,JP,0,DE,L
2022,SE,FT,Senior Data Engineer,128964,USD,21280000,US,100,US,M
2021,SE,FT,Machine Learning Engineer,93557,USD,81000,DE,100,IN,L
2022,EN,FT,Data Scientist,83223,USD,294000,IT,50,US,S
2021,SE,FT,Lead Data Scientist,132383,CAD,1170400,IN,100,FR,L
2022,MI,FT,Data Engineer,118638,USD,84436,US,0,US,L
2023,SE,FT,Data Analyst,135480,USD,24200,JP,0,US,S
2024,EN,FT,Data Analyst,90663,GBP,58500,NL,100,AU,L
2023,EN,FT,Machine Learning Scientist,185990,USD,12000,IT,100,CA,S
2023,SE,FT,Data Engineer,107716,USD,4000,GB,100,DE,M
2023,EN,FT,Product Data Analyst,117667,EUR,50000,IN,0,CA,M
2024,EN,FT,Machine Learning Engineer,104245,GBP,64900,CA,100,NL,L
2021,EN,FT,Business Intelligence Analyst,195596,AUD,71500,AU,50,JP,M
2024,SE,FT,Data Analyst,60716,GBP,74000,IN,100,DE,S
2022,SE,FT,Business Intelligence Analyst,53714,CAD,152000,IN,0,AU,M
2022,SE,FT,Senior Data Engineer,155890,CAD,21844,AU,100,AU,S
2023,EN,FT,Machine Learning Engineer,112192,AUD,18000,IN,0,NL,L
2024,EN,FT,Data Scientist,107385,EUR,174000,NL,50,IN,L
2024,EN,FT,Machine Learning Engineer,120104,CAD,90375,AU,100,IN,L
2021,MI,FT,Junior Data Scientist,49516,GBP,147000,IT,100,AU,L
2024,MI,FT,Product Data Analyst,83586,AUD,9272,IT,50,FR,M
2022,MI,FT,Business Intelligence Analyst,133354,USD,1259997.9,DE,100,AU,S
2024,EN,FT,Junior Data Scientist,68774,GBP,2800000,JP,100,AU,S
2021,SE,FT,Machine Learning Engineer,164286,GBP,90000,FR,0,AU,S
2021,SE,FT,Machine Learning Scientist,143266,AUD,57200,IT,100,NL,M
2020,SE,FT,Data Analyst,197771,AUD,195000,IT,50,US,L
2020,EN,FT,Machine Learning Scientist,103954,AUD,35200,JP,100,IT,L
2022,EN,FT,Data Analyst,40592,EUR,50000,FR,0,NL,L
2023,SE,FT,Product Data Analyst,112171,USD,160000,DE,100,US,S
2024,MI,FT,Lead Data Scientist,92738,EUR,48720,JP,50,IN,M
2022,SE,FT,Lead Data Scientist,179022,AUD,200000,NL,50,AU,S
2020,MI,FT,Machine Learning Engineer,53518,CAD,165000,IN,50,IN,M
2020,EN,FT,Lead Data Scientist,88089,EUR,20000,FR,0,NL,M
2024,MI,FT,Data Analyst,94104,USD,120000,FR,50,FR,L
2023,MI,FT,Lead Data Scientist,185624,EUR,23100,DE,100,JP,S
2020,SE,FT,Data Scientist,82079,CAD,52800,NL,0,IT,M
2021,EN,FT,Data Analyst,187433,CAD,62400,CA,0,US,M
2024,SE,FT,Junior Data Scientist,122073,AUD,304500,AU,50,NL,S
2022,SE,FT,Business Intelligence Analyst,111448,USD,23100,US,100,US,S
2020,EN,FT,Machine Learning Scientist,142013,USD,185000,US,100,US,S
2024,SE,FT,Data Scientist,86553,USD,126000,JP,0,FR,L
2024,EN,FT,Data Scientist,169053,AUD,84436,IT,50,AU,S
2021,MI,FT,Machine Learning Scientist,121583,AUD,82500,FR,100,NL,L
2020,SE,FT,Junior Data Scientist,75934,CAD,140000,FR,0,IN,S
2024,EN,FT,Business Intelligence Analyst,198624,USD,126000,US,0,US,L
2021,MI,FT,Business Intelligence Analyst,82924,USD,110500,US,0,US,L
2023,EN,FT,Product Data Analyst,179221,USD,1750000,US,50,US,L
2023,SE,FT,Data Analyst,66832,GBP,53170,IN,0,IN,M
2022,MI,FT,Senior Data Engineer,109710,USD,225000,FR,50,IN,S
2022,MI,FT,Lead Data Scientist,49578,EUR,416000,DE,50,JP,S
2022,MI,FT,Junior Data Scientist,122330,CAD,82500,DE,50,IN,L
2023,MI,FT,Data Scientist,126718,AUD,82500,IN,50,IN,M
2021,SE,FT,Business Intelligence Analyst,193830,GBP,135000,JP,0,AU,S
2022,SE,FT,Machine Learning Engineer,164731,USD,67500,DE,100,US,L
2023,EN,FT,Data Analyst,129326,AUD,840000,JP,0,IT,L
2021,MI,FT,Machine Learning Engineer,93179,USD,256000,AU,100,US,L
2024,SE,FT,Business Intelligence Analyst,141661,USD,200000,IT,100,US,L
2024,EN,FT,Machine Learning Engineer,191593,GBP,200000,NL,100,GB,S
2024,SE,FT,Junior Data Scientist,176491,CAD,180000,AU,0,US,M
2023,SE,FT,Data Engineer,177755,USD,110000,CA,100,NL,M
2023,EN,FT,Business Intelligence Analyst,53322,GBP,60000,DE,0,CA,M
2024,SE,FT,Product Data Analyst,71535,USD,43560,US,100,US,L
2021,MI,FT,Data Engineer,69463,CAD,4000,GB,0,AU,L
2023,EN,FT,Data Engineer,177917,AUD,1120000,IT,50,JP,L
2024,SE,FT,Business Intelligence Analyst,104978,EUR,97500,CA,0,FR,M
2020,EN,FT,Data Scientist,169845,AUD,80000,IT,50,IT,M
2020,MI,FT,Data Analyst,163665,USD,110000,IT,0,AU,L
2023,EN,FT,Machine Learning Engineer,126342,AUD,165000,DE,100,FR,S
2024,SE,FT,Junior Data Scientist,105156,USD,934500,FR,0,IN,S
2021,MI,FT,Data Engineer,46132,GBP,68250,FR,100,JP,L
2020,SE,FT,Data Scientist,133425,USD,34100,CA,100,NL,M
2020,MI,FT,Junior Data Scientist,147068,USD,75600,NL,50,US,L
2022,MI,FT,Senior Data Engineer,76516,CAD,91000,DE,50,FR,M
2021,SE,FT,Machine Learning Engineer,94611,EUR,170000,JP,100,FR,M
2022,SE,FT,Junior Data Scientist,77571,USD,115000,US,100,US,L
2024,EN,FT,Data Scientist,130867,USD,90000,JP,50,US,M
2020,SE,FT,Data Scientist,83488,USD,600000,JP,50,DE,S
2020,SE,FT,Machine Learning Scientist,92626,EUR,1470000,DE,0,AU,S
2024,EN,FT,Data Engineer,171995,CAD,93000,IT,50,IN,M
2022,MI,FT,Product Data Analyst,188988,USD,93750,US,0,US,S
2022,SE,FT,Machine Learning Scientist,60522,EUR,200000,CA,0,AU,S
2024,SE,FT,Lead Data Scientist,112678,USD,161700,NL,100,IN,M
2023,EN,FT,Data Scientist,47717,EUR,185000,IN,100,DE,S
2024,MI,FT,Lead Data Scientist,100776,GBP,132000,CA,0,JP,L
2023,SE,FT,Data Engineer,117770,USD,130000,AU,0,US,S
2023,SE,FT,Product Data Analyst,81757,CAD,59400,IT,50,NL,L
2022,EN,FT,Junior Data Scientist,138764,CAD,875000,GB,50,GB,M
2021,MI,FT,Lead Data Scientist,191330,USD,3430000,DE,0,US,L
2020,MI,FT,Machine Learning Scientist,196520,USD,23760,GB,100,US,S
2023,SE,FT,Data Analyst,155973,USD,160000,IN,100,NL,L
2021,EN,FT,Machine Learning Scientist,94340,USD,93150,CA,100,US,M
2023,SE,FT,Junior Data Scientist,148851,EUR,111775,IN,50,AU,L
2023,SE,FT,Product Data Analyst,90429,CAD,175000,GB,50,GB,S
2023,MI,FT,Junior Data Scientist,120641,EUR,60500,JP,50,JP,S
2023,MI,FT,Junior Data Scientist,133077,EUR,72500,JP,0,US,L
2020,EN,FT,Data Engineer,138284,AUD,71400,FR,50,GB,L
2022,SE,FT,Machine Learning Scientist,192889,GBP,71500,CA,0,IT,M
2021,EN,FT,Data Analyst,69751,AUD,85000,DE,0,GB,S
2024,MI,FT,Lead Data Scientist,167770,USD,72292,GB,100,US,L
2024,EN,FT,Product Data Analyst,138102,USD,100000,FR,100,US,M
2023,EN,FT,Data Engineer,101801,USD,58000,AU,50,GB,S
2022,MI,FT,Senior Data Engineer,199541,CAD,55000,DE,50,US,L
2023,MI,FT,Machine Learning Scientist,157755,USD,126000,NL,100,FR,L
2023,MI,FT,Machine Learning Scientist,133405,EUR,55000,NL,0,GB,S
2021,SE,FT,Junior Data Scientist,91657,USD,112000,AU,50,US,S
2021,SE,FT,Machine Learning Engineer,53080,AUD,100000,GB,100,DE,S
2023,SE,FT,Product Data Analyst,169269,GBP,64900,DE,0,CA,S
2020,SE,FT,Lead Data Scientist,91997,USD,105000,FR,100,JP,S
2020,SE,FT,Senior Data Engineer,156692,AUD,69999,JP,0,US,M
2023,EN,FT,Machine Learning Engineer,73537,GBP,4900000,JP,50,IN,M
2023,EN,FT,Machine Learning Engineer,127332,CAD,95700,GB,0,GB,M
2023,SE,FT,Senior Data Engineer,153290,USD,109000,AU,50,US,L
2021,EN,FT,Business Intelligence Analyst,93573,EUR,47520,IT,50,IN,M
2023,EN,FT,Junior Data Scientist,152072,EUR,135000,GB,0,GB,L
2023,EN,FT,Lead Data Scientist,186412,USD,155000,US,50,US,M
2023,MI,FT,Junior Data Scientist,74604,AUD,120600,CA,0,NL,S
2024,MI,FT,Business Intelligence Analyst,82587,USD,130000,IN,0,FR,L
2021,EN,FT,Senior Data Engineer,76017,GBP,90000,CA,50,JP,L
2022,EN,FT,Data Analyst,198135,USD,170000,CA,0,US,L
2021,MI,FT,Product Data Analyst,70804,AUD,150000,IN,50,AU,M
2021,EN,FT,Data Scientist,43979,EUR,102100,NL,100,GB,M
2023,EN,FT,Data Scientist,191106,USD,84900,CA,0,GB,L
2020,MI,FT,Lead Data Scientist,147526,EUR,136620,IN,0,IN,M
2024,MI,FT,Data Analyst,119663,USD,99360,US,0,US,L
2024,MI,FT,Junior Data Scientist,117758,EUR,117000,IN,0,DE,S
2021,EN,FT,Lead Data Scientist,158040,GBP,104000,IT,100,AU,S
2022,MI,FT,Data Scientist,126189,USD,146000,IT,50,US,M
2021,SE,FT,Machine Learning Engineer,161094,USD,123000,US,100,US,L
2021,EN,FT,Machine Learning Engineer,194302,CAD,52000,GB,100,US,M
2023,EN,FT,Business Intelligence Analyst,168878,GBP,99000,GB,100,IN,S
2024,EN,FT,Senior Data Engineer,117706,AUD,116000,FR,100,GB,L
2022,SE,FT,Data Engineer,153011,GBP,106260,CA,100,AU,L
2022,EN,FT,Machine Learning Scientist,165861,CAD,126500,GB,0,NL,S
2022,MI,FT,Machine Learning Engineer,194944,AUD,242000,GB,50,FR,L
2021,SE,FT,Machine Learning Engineer,92616,AUD,200000,DE,0,DE,S
2021,SE,FT,Data Engineer,46317,USD,65000,US,0,US,L
2024,EN,FT,Product Data Analyst,43158,USD,39000,IN,100,AU,M
2023,EN,FT,Data Engineer,55621,CAD,78000,NL,0,IN,S
2023,SE,FT,Senior Data Engineer,94305,USD,52000,IT,50,US,S
2022,EN,FT,Data Scientist,46167,CAD,165220,IT,100,US,M
2023,MI,FT,Data Engineer,41032,USD,45500,JP,0,US,L
2023,SE,FT,Product Data Analyst,152510,GBP,120160,FR,100,CA,L
2023,SE,FT,Product Data Analyst,140207,GBP,90320,IT,0,IN,M
2022,EN,FT,Lead Data Scientist,75949,AUD,181940,FR,0,DE,L
2022,MI,FT,Lead Data Scientist,52444,GBP,132320,IN,0,US,S
2024,MI,FT,Machine Learning Engineer,85347,CAD,220110,CA,100,GB,M
2024,MI,FT,Machine Learning Scientist,162156,CAD,160080,CA,50,FR,S
2022,EN,FT,Data Analyst,178665,USD,180000,DE,0,US,L
2024,MI,FT,Data Scientist,48139,EUR,120000,DE,0,IT,M
2022,EN,FT,Machine Learning Engineer,117024,GBP,124190,CA,50,FR,L
2023,EN,FT,Junior Data Scientist,52205,GBP,130000,GB,50,CA,L
2020,SE,FT,Data Engineer,68287,CAD,110000,DE,0,IN,S
2021,EN,FT,Senior Data Engineer,186865,USD,170000,FR,100,IN,L
2022,MI,FT,Junior Data Scientist,179008,EUR,115500,NL,0,GB,S
2022,SE,FT,Business Intelligence Analyst,61725,GBP,112900,GB,50,DE,L
2022,SE,FT,Junior Data Scientist,85034,USD,90320,US,100,US,S
2022,SE,FT,Machine Learning Engineer,68047,CAD,112900,IN,50,GB,L
2024,SE,FT,Business Intelligence Analyst,173382,USD,90320,GB,100,US,S
2021,SE,FT,Junior Data Scientist,191435,CAD,165400,IN,50,AU,S
2023,SE,FT,Machine Learning Scientist,83161,EUR,132320,IT,0,IT,M
2021,MI,FT,Junior Data Scientist,103818,USD,167000,US,0,US,S
2023,MI,FT,Data Analyst,149277,GBP,243900,CA,50,JP,S
2023,MI,FT,Data Engineer,186063,AUD,136600,IN,100,FR,L
2020,EN,FT,Junior Data Scientist,118240,CAD,109280,FR,0,JP,S
2023,SE,FT,Business Intelligence Analyst,52954,AUD,128875,DE,50,FR,S
2020,SE,FT,Data Engineer,166412,AUD,93700,GB,100,JP,L
2021,MI,FT,Lead Data Scientist,150662,USD,224000,GB,100,US,L
2023,SE,FT,Machine Learning Engineer,104099,GBP,167875,JP,100,FR,M
2020,SE,FT,Machine Learning Engineer,69982,USD,175000,GB,0,IN,L
2020,SE,FT,Junior Data Scientist,87943,USD,156600,GB,50,IT,S
2024,EN,FT,Data Engineer,107198,EUR,108800,JP,0,DE,L
2020,SE,FT,Machine Learning Scientist,96640,USD,95550,US,100,US,S
2023,EN,FT,Lead Data Scientist,69615,AUD,113000,IN,50,NL,S
2024,SE,FT,Data Analyst,129920,CAD,135000,IN,100,AU,L
2023,MI,FT,Lead Data Scientist,44182,USD,161342,CA,100,US,L
2022,SE,FT,Data Scientist,71152,USD,137141,NL,0,US,L
2024,EN,FT,Senior Data Engineer,128024,USD,167000,NL,100,US,S
2024,EN,FT,Business Intelligence Analyst,158739,AUD,123000,AU,100,IT,S
2023,SE,FT,Product Data Analyst,75760,GBP,78000,NL,50,US,S
2020,MI,FT,Machine Learning Engineer,161603,USD,65000,AU,50,JP,L
2023,SE,FT,Senior Data Engineer,133578,EUR,150000,IN,50,FR,M
2024,EN,FT,Data Analyst,63475,CAD,211500,IT,50,IT,M
2022,MI,FT,Machine Learning Engineer,176772,EUR,192400,GB,100,IT,L
2021,SE,FT,Business Intelligence Analyst,132852,GBP,90700,JP,0,GB,L
2024,MI,FT,Data Analyst,48686,AUD,130000,FR,100,NL,S
2021,SE,FT,Data Engineer,164235,GBP,61300,DE,0,DE,S
2021,SE,FT,Product Data Analyst,115514,EUR,130000,DE,0,IT,S
2021,MI,FT,Data Scientist,42082,USD,61300,JP,0,FR,M
2024,MI,FT,Data Scientist,85962,EUR,160000,JP,50,CA,S
2023,MI,FT,Product Data Analyst,93887,CAD,138600,CA,50,NL,S
2021,EN,FT,Business Intelligence Analyst,53470,AUD,136000,AU,0,NL,M
2022,EN,FT,Lead Data Scientist,197199,EUR,58000,DE,0,IT,M
,,,,,,,,,,
,,,,,,,,,,
,,,,,,,,,,
,,,Data Scientist,,,,,,,
,,,Machine Learning Engineer,,,,,,,
,,,Data Analyst,,,,,,,
,,,Data Engineer,,,,,,,
,,,Business Intelligence Analyst,,,,,,,
,,,Lead Data Scientist,,,,,,,
,,,Product Data Analyst,,,,,,,
,,,Junior Data Scientist,,,,,,,
,,,Senior Data Engineer,,,,,,,
,,,Machine Learning Scientist,,,,,,,
